fold,accuracy
1,0.8711111111111111
2,0.84
3,0.8444444444444444
4,0.85
5,0.8355555555555556
